date,heure,reseau,format,fichier,legende,statut
2026-10-12,18:30,Facebook,Reel 60–90 s,renders/facebook/reel-ep01.mp4,"« Pourquoi tenir un restaurant est-il si épuisant ? » La Brigade augmentée, épisode 1/6 : Une journée sans FoodEatUp. Une BD FoodEatUp devenue série. Testez FoodEatUp, lien en bio. Inspiré de l'histoire de Mickael, chef et fondateur. #restauration #restaurant #chef #FoodEatUp #BD",brouillon — à valider
2026-10-12,18:30,Instagram,Reel 60–90 s,renders/instagram/reel-ep01.mp4,"« Pourquoi tenir un restaurant est-il si épuisant ? » La Brigade augmentée, épisode 1/6 : Une journée sans FoodEatUp. Une BD FoodEatUp devenue série. Testez FoodEatUp, lien en bio. Inspiré de l'histoire de Mickael, chef et fondateur. #restauration #restaurant #chef #FoodEatUp #BD",brouillon — à valider
2026-10-12,18:30,TikTok,Épisode 9:16,renders/episodes/ep01.mp4,"« Pourquoi tenir un restaurant est-il si épuisant ? » La Brigade augmentée, épisode 1/6 : Une journée sans FoodEatUp. Une BD FoodEatUp devenue série. Testez FoodEatUp, lien en bio. Inspiré de l'histoire de Mickael, chef et fondateur. #restauration #restaurant #chef #FoodEatUp #BD",brouillon — à valider
2026-10-13,08:30,LinkedIn,4:5 · 60–120 s,renders/linkedin/linkedin-ep01-4x5.mp4,"Le vrai coût d'une journée sans outil. « Pourquoi tenir un restaurant est-il si épuisant ? » Épisode 1 de La Brigade augmentée, la BD FoodEatUp sur le quotidien d'un restaurateur, adaptée en vidéo (sous-titrée, lisible sans le son). Pour tester FoodEatUp : lien en commentaire. Inspiré de l'histoire de Mickael, chef et fondateur. #restauration #franchise #IA #FoodEatUp",brouillon — à valider
2026-10-13,12:00,Facebook,Story 15 s,renders/facebook/story-ep01-2-personnage.mp4,"Le personnage du jour de la Brigade augmentée. Voir l'épisode : lien en bio. Inspiré de l'histoire de Mickael, chef et fondateur. #FoodEatUp #restauration #BD",brouillon — à valider
2026-10-13,12:00,Instagram,Story 15 s,renders/instagram/story-ep01-2-personnage.mp4,"Le personnage du jour de la Brigade augmentée. Voir l'épisode : lien en bio. Inspiré de l'histoire de Mickael, chef et fondateur. #FoodEatUp #restauration #BD",brouillon — à valider
2026-10-14,12:00,Facebook,Story 15 s,renders/facebook/story-ep02-1-teaser.mp4,"Ce soir : épisode 2, La même journée, avec FoodEatUp. Voir l'épisode : lien en bio. Inspiré de l'histoire de Mickael, chef et fondateur. #FoodEatUp #restauration #BD",brouillon — à valider
2026-10-14,12:00,Instagram,Story 15 s,renders/instagram/story-ep02-1-teaser.mp4,"Ce soir : épisode 2, La même journée, avec FoodEatUp. Voir l'épisode : lien en bio. Inspiré de l'histoire de Mickael, chef et fondateur. #FoodEatUp #restauration #BD",brouillon — à valider
2026-10-14,12:00,TikTok,Story 15 s,renders/tiktok/story-ep02.mp4,"Ce soir : épisode 2, La même journée, avec FoodEatUp. Voir l'épisode : lien en bio. Inspiré de l'histoire de Mickael, chef et fondateur. #FoodEatUp #restauration #BD",brouillon — à valider
2026-10-14,19:00,Facebook,Story 15 s,renders/facebook/story-ep01-3-citation.mp4,"La citation du jour, par Mickael. Voir l'épisode : lien en bio. Inspiré de l'histoire de Mickael, chef et fondateur. #FoodEatUp #restauration #BD",brouillon — à valider
2026-10-14,19:00,Instagram,Story 15 s,renders/instagram/story-ep01-3-citation.mp4,"La citation du jour, par Mickael. Voir l'épisode : lien en bio. Inspiré de l'histoire de Mickael, chef et fondateur. #FoodEatUp #restauration #BD",brouillon — à valider
2026-10-15,08:30,LinkedIn,4:5 · 60–120 s,renders/linkedin/linkedin-ep02-4x5.mp4,"Une seule saisie, pas dix. « Ce soir, je dîne avec ma famille. » Épisode 2 de La Brigade augmentée, la BD FoodEatUp sur le quotidien d'un restaurateur, adaptée en vidéo (sous-titrée, lisible sans le son). Pour tester FoodEatUp : lien en commentaire. Inspiré de l'histoire de Mickael, chef et fondateur. #restauration #franchise #IA #FoodEatUp",brouillon — à valider
2026-10-15,18:30,Facebook,Reel 60–90 s,renders/facebook/reel-ep02.mp4,"« Ce soir, je dîne avec ma famille. » La Brigade augmentée, épisode 2/6 : La même journée, avec FoodEatUp. Une BD FoodEatUp devenue série. Testez FoodEatUp, lien en bio. Inspiré de l'histoire de Mickael, chef et fondateur. #restauration #restaurant #chef #FoodEatUp #BD",brouillon — à valider
2026-10-15,18:30,Instagram,Reel 60–90 s,renders/instagram/reel-ep02.mp4,"« Ce soir, je dîne avec ma famille. » La Brigade augmentée, épisode 2/6 : La même journée, avec FoodEatUp. Une BD FoodEatUp devenue série. Testez FoodEatUp, lien en bio. Inspiré de l'histoire de Mickael, chef et fondateur. #restauration #restaurant #chef #FoodEatUp #BD",brouillon — à valider
2026-10-15,18:30,TikTok,Épisode 9:16,renders/episodes/ep02.mp4,"« Ce soir, je dîne avec ma famille. » La Brigade augmentée, épisode 2/6 : La même journée, avec FoodEatUp. Une BD FoodEatUp devenue série. Testez FoodEatUp, lien en bio. Inspiré de l'histoire de Mickael, chef et fondateur. #restauration #restaurant #chef #FoodEatUp #BD",brouillon — à valider
2026-10-16,12:00,Facebook,Story 15 s,renders/facebook/story-ep02-2-personnage.mp4,"Le personnage du jour de la Brigade augmentée. Voir l'épisode : lien en bio. Inspiré de l'histoire de Mickael, chef et fondateur. #FoodEatUp #restauration #BD",brouillon — à valider
2026-10-16,12:00,Instagram,Story 15 s,renders/instagram/story-ep02-2-personnage.mp4,"Le personnage du jour de la Brigade augmentée. Voir l'épisode : lien en bio. Inspiré de l'histoire de Mickael, chef et fondateur. #FoodEatUp #restauration #BD",brouillon — à valider
2026-10-17,12:00,Facebook,Story 15 s,renders/facebook/story-ep03-1-teaser.mp4,"Ce soir : épisode 3, La brigade passe à l'écran. Voir l'épisode : lien en bio. Inspiré de l'histoire de Mickael, chef et fondateur. #FoodEatUp #restauration #BD",brouillon — à valider
2026-10-17,12:00,Instagram,Story 15 s,renders/instagram/story-ep03-1-teaser.mp4,"Ce soir : épisode 3, La brigade passe à l'écran. Voir l'épisode : lien en bio. Inspiré de l'histoire de Mickael, chef et fondateur. #FoodEatUp #restauration #BD",brouillon — à valider
2026-10-17,12:00,TikTok,Story 15 s,renders/tiktok/story-ep03.mp4,"Ce soir : épisode 3, La brigade passe à l'écran. Voir l'épisode : lien en bio. Inspiré de l'histoire de Mickael, chef et fondateur. #FoodEatUp #restauration #BD",brouillon — à valider
2026-10-17,19:00,Facebook,Story 15 s,renders/facebook/story-ep02-3-citation.mp4,"La citation du jour, par Mickael. Voir l'épisode : lien en bio. Inspiré de l'histoire de Mickael, chef et fondateur. #FoodEatUp #restauration #BD",brouillon — à valider
2026-10-17,19:00,Instagram,Story 15 s,renders/instagram/story-ep02-3-citation.mp4,"La citation du jour, par Mickael. Voir l'épisode : lien en bio. Inspiré de l'histoire de Mickael, chef et fondateur. #FoodEatUp #restauration #BD",brouillon — à valider
2026-10-18,18:30,Facebook,Reel 60–90 s,renders/facebook/reel-ep03.mp4,"« Une seule saisie, et tout le restaurant communique. » La Brigade augmentée, épisode 3/6 : La brigade passe à l'écran. Une BD FoodEatUp devenue série. Testez FoodEatUp, lien en bio. Inspiré de l'histoire de Mickael, chef et fondateur. #restauration #restaurant #chef #FoodEatUp #BD",brouillon — à valider
2026-10-18,18:30,Instagram,Reel 60–90 s,renders/instagram/reel-ep03.mp4,"« Une seule saisie, et tout le restaurant communique. » La Brigade augmentée, épisode 3/6 : La brigade passe à l'écran. Une BD FoodEatUp devenue série. Testez FoodEatUp, lien en bio. Inspiré de l'histoire de Mickael, chef et fondateur. #restauration #restaurant #chef #FoodEatUp #BD",brouillon — à valider
2026-10-18,18:30,TikTok,Épisode 9:16,renders/episodes/ep03.mp4,"« Une seule saisie, et tout le restaurant communique. » La Brigade augmentée, épisode 3/6 : La brigade passe à l'écran. Une BD FoodEatUp devenue série. Testez FoodEatUp, lien en bio. Inspiré de l'histoire de Mickael, chef et fondateur. #restauration #restaurant #chef #FoodEatUp #BD",brouillon — à valider
2026-10-19,12:00,Facebook,Story 15 s,renders/facebook/story-ep03-2-personnage.mp4,"Le personnage du jour de la Brigade augmentée. Voir l'épisode : lien en bio. Inspiré de l'histoire de Mickael, chef et fondateur. #FoodEatUp #restauration #BD",brouillon — à valider
2026-10-19,12:00,Instagram,Story 15 s,renders/instagram/story-ep03-2-personnage.mp4,"Le personnage du jour de la Brigade augmentée. Voir l'épisode : lien en bio. Inspiré de l'histoire de Mickael, chef et fondateur. #FoodEatUp #restauration #BD",brouillon — à valider
2026-10-20,08:30,LinkedIn,4:5 · 60–120 s,renders/linkedin/linkedin-ep03-4x5.mp4,"La vitrine du restaurant, pilotée depuis la carte. « Une seule saisie, et tout le restaurant communique. » Épisode 3 de La Brigade augmentée, la BD FoodEatUp sur le quotidien d'un restaurateur, adaptée en vidéo (sous-titrée, lisible sans le son). Pour tester FoodEatUp : lien en commentaire. Inspiré de l'histoire de Mickael, chef et fondateur. #restauration #franchise #IA #FoodEatUp",brouillon — à valider
2026-10-20,12:00,Facebook,Story 15 s,renders/facebook/story-ep04-1-teaser.mp4,"Ce soir : épisode 4, Expansion & franchise. Voir l'épisode : lien en bio. Inspiré de l'histoire de Mickael, chef et fondateur. #FoodEatUp #restauration #BD",brouillon — à valider
2026-10-20,12:00,Instagram,Story 15 s,renders/instagram/story-ep04-1-teaser.mp4,"Ce soir : épisode 4, Expansion & franchise. Voir l'épisode : lien en bio. Inspiré de l'histoire de Mickael, chef et fondateur. #FoodEatUp #restauration #BD",brouillon — à valider
2026-10-20,12:00,TikTok,Story 15 s,renders/tiktok/story-ep04.mp4,"Ce soir : épisode 4, Expansion & franchise. Voir l'épisode : lien en bio. Inspiré de l'histoire de Mickael, chef et fondateur. #FoodEatUp #restauration #BD",brouillon — à valider
2026-10-20,19:00,Facebook,Story 15 s,renders/facebook/story-ep03-3-citation.mp4,"La citation du jour, par Mickael. Voir l'épisode : lien en bio. Inspiré de l'histoire de Mickael, chef et fondateur. #FoodEatUp #restauration #BD",brouillon — à valider
2026-10-20,19:00,Instagram,Story 15 s,renders/instagram/story-ep03-3-citation.mp4,"La citation du jour, par Mickael. Voir l'épisode : lien en bio. Inspiré de l'histoire de Mickael, chef et fondateur. #FoodEatUp #restauration #BD",brouillon — à valider
2026-10-21,18:30,Facebook,Reel 60–90 s,renders/facebook/reel-ep04.mp4,"« Ce soir-là, la brigade augmentée est devenue une famille. » La Brigade augmentée, épisode 4/6 : Expansion & franchise. Une BD FoodEatUp devenue série. Testez FoodEatUp, lien en bio. Inspiré de l'histoire de Mickael, chef et fondateur. #restauration #restaurant #chef #FoodEatUp #BD",brouillon — à valider
2026-10-21,18:30,Instagram,Reel 60–90 s,renders/instagram/reel-ep04.mp4,"« Ce soir-là, la brigade augmentée est devenue une famille. » La Brigade augmentée, épisode 4/6 : Expansion & franchise. Une BD FoodEatUp devenue série. Testez FoodEatUp, lien en bio. Inspiré de l'histoire de Mickael, chef et fondateur. #restauration #restaurant #chef #FoodEatUp #BD",brouillon — à valider
2026-10-21,18:30,TikTok,Épisode 9:16,renders/episodes/ep04.mp4,"« Ce soir-là, la brigade augmentée est devenue une famille. » La Brigade augmentée, épisode 4/6 : Expansion & franchise. Une BD FoodEatUp devenue série. Testez FoodEatUp, lien en bio. Inspiré de l'histoire de Mickael, chef et fondateur. #restauration #restaurant #chef #FoodEatUp #BD",brouillon — à valider
2026-10-22,08:30,LinkedIn,4:5 · 60–120 s,renders/linkedin/linkedin-ep04-4x5.mp4,"Grandir sans perdre son goût. « Ce soir-là, la brigade augmentée est devenue une famille. » Épisode 4 de La Brigade augmentée, la BD FoodEatUp sur le quotidien d'un restaurateur, adaptée en vidéo (sous-titrée, lisible sans le son). Pour tester FoodEatUp : lien en commentaire. Inspiré de l'histoire de Mickael, chef et fondateur. #restauration #franchise #IA #FoodEatUp",brouillon — à valider
2026-10-22,12:00,Facebook,Story 15 s,renders/facebook/story-ep04-2-personnage.mp4,"Le personnage du jour de la Brigade augmentée. Voir l'épisode : lien en bio. Inspiré de l'histoire de Mickael, chef et fondateur. #FoodEatUp #restauration #BD",brouillon — à valider
2026-10-22,12:00,Instagram,Story 15 s,renders/instagram/story-ep04-2-personnage.mp4,"Le personnage du jour de la Brigade augmentée. Voir l'épisode : lien en bio. Inspiré de l'histoire de Mickael, chef et fondateur. #FoodEatUp #restauration #BD",brouillon — à valider
2026-10-23,12:00,Facebook,Story 15 s,renders/facebook/story-ep05-1-teaser.mp4,"Ce soir : épisode 5, Le laboratoire et les agents. Voir l'épisode : lien en bio. Inspiré de l'histoire de Mickael, chef et fondateur. #FoodEatUp #restauration #BD",brouillon — à valider
2026-10-23,12:00,Instagram,Story 15 s,renders/instagram/story-ep05-1-teaser.mp4,"Ce soir : épisode 5, Le laboratoire et les agents. Voir l'épisode : lien en bio. Inspiré de l'histoire de Mickael, chef et fondateur. #FoodEatUp #restauration #BD",brouillon — à valider
2026-10-23,12:00,TikTok,Story 15 s,renders/tiktok/story-ep05.mp4,"Ce soir : épisode 5, Le laboratoire et les agents. Voir l'épisode : lien en bio. Inspiré de l'histoire de Mickael, chef et fondateur. #FoodEatUp #restauration #BD",brouillon — à valider
2026-10-23,19:00,Facebook,Story 15 s,renders/facebook/story-ep04-3-citation.mp4,"La citation du jour, par Mickael. Voir l'épisode : lien en bio. Inspiré de l'histoire de Mickael, chef et fondateur. #FoodEatUp #restauration #BD",brouillon — à valider
2026-10-23,19:00,Instagram,Story 15 s,renders/instagram/story-ep04-3-citation.mp4,"La citation du jour, par Mickael. Voir l'épisode : lien en bio. Inspiré de l'histoire de Mickael, chef et fondateur. #FoodEatUp #restauration #BD",brouillon — à valider
2026-10-24,18:30,Facebook,Reel 60–90 s,renders/facebook/reel-ep05.mp4,"« L'IA propose, l'humain décide. » La Brigade augmentée, épisode 5/6 : Le laboratoire et les agents. Une BD FoodEatUp devenue série. Testez FoodEatUp, lien en bio. Inspiré de l'histoire de Mickael, chef et fondateur. #restauration #restaurant #chef #FoodEatUp #BD",brouillon — à valider
2026-10-24,18:30,Instagram,Reel 60–90 s,renders/instagram/reel-ep05.mp4,"« L'IA propose, l'humain décide. » La Brigade augmentée, épisode 5/6 : Le laboratoire et les agents. Une BD FoodEatUp devenue série. Testez FoodEatUp, lien en bio. Inspiré de l'histoire de Mickael, chef et fondateur. #restauration #restaurant #chef #FoodEatUp #BD",brouillon — à valider
2026-10-24,18:30,TikTok,Épisode 9:16,renders/episodes/ep05.mp4,"« L'IA propose, l'humain décide. » La Brigade augmentée, épisode 5/6 : Le laboratoire et les agents. Une BD FoodEatUp devenue série. Testez FoodEatUp, lien en bio. Inspiré de l'histoire de Mickael, chef et fondateur. #restauration #restaurant #chef #FoodEatUp #BD",brouillon — à valider
2026-10-25,12:00,Facebook,Story 15 s,renders/facebook/story-ep05-2-personnage.mp4,"Le personnage du jour de la Brigade augmentée. Voir l'épisode : lien en bio. Inspiré de l'histoire de Mickael, chef et fondateur. #FoodEatUp #restauration #BD",brouillon — à valider
2026-10-25,12:00,Instagram,Story 15 s,renders/instagram/story-ep05-2-personnage.mp4,"Le personnage du jour de la Brigade augmentée. Voir l'épisode : lien en bio. Inspiré de l'histoire de Mickael, chef et fondateur. #FoodEatUp #restauration #BD",brouillon — à valider
2026-10-26,12:00,Facebook,Story 15 s,renders/facebook/story-ep06-1-teaser.mp4,"Ce soir : épisode 6, Une infinité de solutions. Voir l'épisode : lien en bio. Inspiré de l'histoire de Mickael, chef et fondateur. #FoodEatUp #restauration #BD",brouillon — à valider
2026-10-26,12:00,Instagram,Story 15 s,renders/instagram/story-ep06-1-teaser.mp4,"Ce soir : épisode 6, Une infinité de solutions. Voir l'épisode : lien en bio. Inspiré de l'histoire de Mickael, chef et fondateur. #FoodEatUp #restauration #BD",brouillon — à valider
2026-10-26,12:00,TikTok,Story 15 s,renders/tiktok/story-ep06.mp4,"Ce soir : épisode 6, Une infinité de solutions. Voir l'épisode : lien en bio. Inspiré de l'histoire de Mickael, chef et fondateur. #FoodEatUp #restauration #BD",brouillon — à valider
2026-10-26,19:00,Facebook,Story 15 s,renders/facebook/story-ep05-3-citation.mp4,"La citation du jour, par Mickael. Voir l'épisode : lien en bio. Inspiré de l'histoire de Mickael, chef et fondateur. #FoodEatUp #restauration #BD",brouillon — à valider
2026-10-26,19:00,Instagram,Story 15 s,renders/instagram/story-ep05-3-citation.mp4,"La citation du jour, par Mickael. Voir l'épisode : lien en bio. Inspiré de l'histoire de Mickael, chef et fondateur. #FoodEatUp #restauration #BD",brouillon — à valider
2026-10-27,08:30,LinkedIn,4:5 · 60–120 s,renders/linkedin/linkedin-ep05-4x5.mp4,"Prévoir au lieu de subir. « L'IA propose, l'humain décide. » Épisode 5 de La Brigade augmentée, la BD FoodEatUp sur le quotidien d'un restaurateur, adaptée en vidéo (sous-titrée, lisible sans le son). Pour tester FoodEatUp : lien en commentaire. Inspiré de l'histoire de Mickael, chef et fondateur. #restauration #franchise #IA #FoodEatUp",brouillon — à valider
2026-10-27,18:30,Facebook,Reel 60–90 s,renders/facebook/reel-ep06.mp4,"« Les solutions sont infinies. » La Brigade augmentée, épisode 6/6 : Une infinité de solutions. Une BD FoodEatUp devenue série. Testez FoodEatUp, lien en bio. Inspiré de l'histoire de Mickael, chef et fondateur. #restauration #restaurant #chef #FoodEatUp #BD",brouillon — à valider
2026-10-27,18:30,Instagram,Reel 60–90 s,renders/instagram/reel-ep06.mp4,"« Les solutions sont infinies. » La Brigade augmentée, épisode 6/6 : Une infinité de solutions. Une BD FoodEatUp devenue série. Testez FoodEatUp, lien en bio. Inspiré de l'histoire de Mickael, chef et fondateur. #restauration #restaurant #chef #FoodEatUp #BD",brouillon — à valider
2026-10-27,18:30,TikTok,Épisode 9:16,renders/episodes/ep06.mp4,"« Les solutions sont infinies. » La Brigade augmentée, épisode 6/6 : Une infinité de solutions. Une BD FoodEatUp devenue série. Testez FoodEatUp, lien en bio. Inspiré de l'histoire de Mickael, chef et fondateur. #restauration #restaurant #chef #FoodEatUp #BD",brouillon — à valider
2026-10-28,12:00,Facebook,Story 15 s,renders/facebook/story-ep06-2-personnage.mp4,"Le personnage du jour de la Brigade augmentée. Voir l'épisode : lien en bio. Inspiré de l'histoire de Mickael, chef et fondateur. #FoodEatUp #restauration #BD",brouillon — à valider
2026-10-28,12:00,Instagram,Story 15 s,renders/instagram/story-ep06-2-personnage.mp4,"Le personnage du jour de la Brigade augmentée. Voir l'épisode : lien en bio. Inspiré de l'histoire de Mickael, chef et fondateur. #FoodEatUp #restauration #BD",brouillon — à valider
2026-10-28,19:30,Facebook,Story 15 s,renders/facebook/story-ep06-3-citation.mp4,"La citation du jour, par Mickael. Voir l'épisode : lien en bio. Inspiré de l'histoire de Mickael, chef et fondateur. #FoodEatUp #restauration #BD",brouillon — à valider
2026-10-28,19:30,Instagram,Story 15 s,renders/instagram/story-ep06-3-citation.mp4,"La citation du jour, par Mickael. Voir l'épisode : lien en bio. Inspiré de l'histoire de Mickael, chef et fondateur. #FoodEatUp #restauration #BD",brouillon — à valider
2026-10-29,08:30,LinkedIn,4:5 · 60–120 s,renders/linkedin/linkedin-ep06-4x5.mp4,"Votre restaurant est unique. Votre FoodEatUp aussi. « Les solutions sont infinies. » Épisode 6 de La Brigade augmentée, la BD FoodEatUp sur le quotidien d'un restaurateur, adaptée en vidéo (sous-titrée, lisible sans le son). Pour tester FoodEatUp : lien en commentaire. Inspiré de l'histoire de Mickael, chef et fondateur. #restauration #franchise #IA #FoodEatUp",brouillon — à valider
2026-10-29,12:00,TikTok,Story 15 s,renders/tiktok/story-ep01.mp4,"Demain : les 88 pages de La Brigade augmentée en un seul film. Inspiré de l'histoire de Mickael, chef et fondateur. #FoodEatUp #restauration #BD",brouillon — à valider
2026-10-30,18:30,TikTok,Film complet 9:16,renders/film/film.mp4,"Le film complet : « D'une cuisine épuisée à une famille de restaurants. » Les 88 pages de La Brigade augmentée en une seule vidéo. Testez FoodEatUp, lien en bio. Inspiré de l'histoire de Mickael, chef et fondateur. #restauration #restaurant #chef #FoodEatUp #BD",brouillon — à valider
2026-11-01,12:00,Facebook,Story 15 s,renders/facebook/story-ep02-2-personnage.mp4,"Le personnage du jour de la Brigade augmentée. Voir l'épisode : lien en bio. Inspiré de l'histoire de Mickael, chef et fondateur. #FoodEatUp #restauration #BD",brouillon — à valider
2026-11-01,12:00,Instagram,Story 15 s,renders/instagram/story-ep02-2-personnage.mp4,"Le personnage du jour de la Brigade augmentée. Voir l'épisode : lien en bio. Inspiré de l'histoire de Mickael, chef et fondateur. #FoodEatUp #restauration #BD",brouillon — à valider
2026-11-03,08:30,LinkedIn,9:16 · 60–120 s,renders/linkedin/linkedin-ep02-9x16.mp4,"Une seule saisie, pas dix. « Ce soir, je dîne avec ma famille. » Épisode 2 de La Brigade augmentée, la BD FoodEatUp sur le quotidien d'un restaurateur, adaptée en vidéo (sous-titrée, lisible sans le son). Pour tester FoodEatUp : lien en commentaire. Inspiré de l'histoire de Mickael, chef et fondateur. #restauration #franchise #IA #FoodEatUp",brouillon — à valider
2026-11-04,12:00,Facebook,Story 15 s,renders/facebook/story-ep04-2-personnage.mp4,"Le personnage du jour de la Brigade augmentée. Voir l'épisode : lien en bio. Inspiré de l'histoire de Mickael, chef et fondateur. #FoodEatUp #restauration #BD",brouillon — à valider
2026-11-04,12:00,Instagram,Story 15 s,renders/instagram/story-ep04-2-personnage.mp4,"Le personnage du jour de la Brigade augmentée. Voir l'épisode : lien en bio. Inspiré de l'histoire de Mickael, chef et fondateur. #FoodEatUp #restauration #BD",brouillon — à valider
2026-11-05,08:30,LinkedIn,9:16 · 60–120 s,renders/linkedin/linkedin-ep04-9x16.mp4,"Grandir sans perdre son goût. « Ce soir-là, la brigade augmentée est devenue une famille. » Épisode 4 de La Brigade augmentée, la BD FoodEatUp sur le quotidien d'un restaurateur, adaptée en vidéo (sous-titrée, lisible sans le son). Pour tester FoodEatUp : lien en commentaire. Inspiré de l'histoire de Mickael, chef et fondateur. #restauration #franchise #IA #FoodEatUp",brouillon — à valider
2026-11-07,12:00,Facebook,Story 15 s,renders/facebook/story-ep05-2-personnage.mp4,"Le personnage du jour de la Brigade augmentée. Voir l'épisode : lien en bio. Inspiré de l'histoire de Mickael, chef et fondateur. #FoodEatUp #restauration #BD",brouillon — à valider
2026-11-07,12:00,Instagram,Story 15 s,renders/instagram/story-ep05-2-personnage.mp4,"Le personnage du jour de la Brigade augmentée. Voir l'épisode : lien en bio. Inspiré de l'histoire de Mickael, chef et fondateur. #FoodEatUp #restauration #BD",brouillon — à valider
